,close,datetime,exchange_code,expiry_date,high,low,open,open_interest,product_type,right,stock_code,strike_price,volume
0,696.2,2023-06-30 09:15:00,NFO,20-JUL-2023,696.2,696.2,696.2,0,Options,Put,NIFTY,19400.0,0
1,696.2,2023-06-30 09:16:00,NFO,20-JUL-2023,696.2,696.2,696.2,0,Options,Put,NIFTY,19400.0,0
2,696.2,2023-06-30 09:26:00,NFO,20-JUL-2023,696.2,696.2,696.2,0,Options,Put,NIFTY,19400.0,0
3,696.2,2023-06-30 09:27:00,NFO,20-JUL-2023,696.2,696.2,696.2,0,Options,Put,NIFTY,19400.0,0
4,696.2,2023-06-30 09:28:00,NFO,20-JUL-2023,696.2,696.2,696.2,0,Options,Put,NIFTY,19400.0,0
5,696.2,2023-06-30 09:29:00,NFO,20-JUL-2023,696.2,696.2,696.2,0,Options,Put,NIFTY,19400.0,0
6,696.2,2023-06-30 09:30:00,NFO,20-JUL-2023,696.2,696.2,696.2,0,Options,Put,NIFTY,19400.0,0
7,696.2,2023-06-30 09:31:00,NFO,20-JUL-2023,696.2,696.2,696.2,0,Options,Put,NIFTY,19400.0,0
8,696.2,2023-06-30 09:32:00,NFO,20-JUL-2023,696.2,696.2,696.2,0,Options,Put,NIFTY,19400.0,0
9,696.2,2023-06-30 09:33:00,NFO,20-JUL-2023,696.2,696.2,696.2,0,Options,Put,NIFTY,19400.0,0
10,696.2,2023-06-30 09:34:00,NFO,20-JUL-2023,696.2,696.2,696.2,0,Options,Put,NIFTY,19400.0,0
11,696.2,2023-06-30 09:35:00,NFO,20-JUL-2023,696.2,696.2,696.2,0,Options,Put,NIFTY,19400.0,0
12,696.2,2023-06-30 09:36:00,NFO,20-JUL-2023,696.2,696.2,696.2,0,Options,Put,NIFTY,19400.0,0
13,696.2,2023-06-30 09:37:00,NFO,20-JUL-2023,696.2,696.2,696.2,0,Options,Put,NIFTY,19400.0,0
14,696.2,2023-06-30 09:38:00,NFO,20-JUL-2023,696.2,696.2,696.2,0,Options,Put,NIFTY,19400.0,0
15,696.2,2023-06-30 09:39:00,NFO,20-JUL-2023,696.2,696.2,696.2,0,Options,Put,NIFTY,19400.0,0
16,696.2,2023-06-30 09:40:00,NFO,20-JUL-2023,696.2,696.2,696.2,0,Options,Put,NIFTY,19400.0,0
17,696.2,2023-06-30 09:41:00,NFO,20-JUL-2023,696.2,696.2,696.2,0,Options,Put,NIFTY,19400.0,0
18,696.2,2023-06-30 09:42:00,NFO,20-JUL-2023,696.2,696.2,696.2,0,Options,Put,NIFTY,19400.0,0
19,696.2,2023-06-30 09:43:00,NFO,20-JUL-2023,696.2,696.2,696.2,0,Options,Put,NIFTY,19400.0,0
20,696.2,2023-06-30 09:44:00,NFO,20-JUL-2023,696.2,696.2,696.2,0,Options,Put,NIFTY,19400.0,0
21,696.2,2023-06-30 09:45:00,NFO,20-JUL-2023,696.2,696.2,696.2,0,Options,Put,NIFTY,19400.0,0
22,696.2,2023-06-30 09:46:00,NFO,20-JUL-2023,696.2,696.2,696.2,0,Options,Put,NIFTY,19400.0,0
23,696.2,2023-06-30 09:47:00,NFO,20-JUL-2023,696.2,696.2,696.2,0,Options,Put,NIFTY,19400.0,0
24,696.2,2023-06-30 09:48:00,NFO,20-JUL-2023,696.2,696.2,696.2,0,Options,Put,NIFTY,19400.0,0
25,696.2,2023-06-30 09:49:00,NFO,20-JUL-2023,696.2,696.2,696.2,0,Options,Put,NIFTY,19400.0,0
26,696.2,2023-06-30 09:50:00,NFO,20-JUL-2023,696.2,696.2,696.2,0,Options,Put,NIFTY,19400.0,0
27,696.2,2023-06-30 09:51:00,NFO,20-JUL-2023,696.2,696.2,696.2,0,Options,Put,NIFTY,19400.0,0
28,696.2,2023-06-30 09:52:00,NFO,20-JUL-2023,696.2,696.2,696.2,0,Options,Put,NIFTY,19400.0,0
29,696.2,2023-06-30 09:53:00,NFO,20-JUL-2023,696.2,696.2,696.2,0,Options,Put,NIFTY,19400.0,0
30,696.2,2023-06-30 09:54:00,NFO,20-JUL-2023,696.2,696.2,696.2,0,Options,Put,NIFTY,19400.0,0
31,696.2,2023-06-30 09:55:00,NFO,20-JUL-2023,696.2,696.2,696.2,0,Options,Put,NIFTY,19400.0,0
32,696.2,2023-06-30 09:56:00,NFO,20-JUL-2023,696.2,696.2,696.2,0,Options,Put,NIFTY,19400.0,0
33,324.7,2023-06-30 09:57:00,NFO,20-JUL-2023,324.7,324.7,324.7,0,Options,Put,NIFTY,19400.0,50
34,324.7,2023-06-30 09:58:00,NFO,20-JUL-2023,324.7,324.7,324.7,0,Options,Put,NIFTY,19400.0,0
35,327.9,2023-06-30 09:59:00,NFO,20-JUL-2023,327.9,324.7,324.7,100,Options,Put,NIFTY,19400.0,100
36,327.9,2023-06-30 10:00:00,NFO,20-JUL-2023,327.9,327.9,327.9,100,Options,Put,NIFTY,19400.0,0
37,316.8,2023-06-30 10:01:00,NFO,20-JUL-2023,327.9,316.8,327.9,100,Options,Put,NIFTY,19400.0,50
38,316.8,2023-06-30 10:02:00,NFO,20-JUL-2023,316.8,316.8,316.8,100,Options,Put,NIFTY,19400.0,0
39,316.8,2023-06-30 10:03:00,NFO,20-JUL-2023,316.8,316.8,316.8,100,Options,Put,NIFTY,19400.0,0
40,316.8,2023-06-30 10:04:00,NFO,20-JUL-2023,316.8,316.8,316.8,100,Options,Put,NIFTY,19400.0,0
41,319.4,2023-06-30 10:05:00,NFO,20-JUL-2023,319.4,316.8,316.8,100,Options,Put,NIFTY,19400.0,50
42,319.4,2023-06-30 10:06:00,NFO,20-JUL-2023,319.4,319.4,319.4,100,Options,Put,NIFTY,19400.0,0
43,319.4,2023-06-30 10:07:00,NFO,20-JUL-2023,319.4,319.4,319.4,100,Options,Put,NIFTY,19400.0,0
44,319.4,2023-06-30 10:08:00,NFO,20-JUL-2023,319.4,319.4,319.4,100,Options,Put,NIFTY,19400.0,0
45,319.4,2023-06-30 10:09:00,NFO,20-JUL-2023,319.4,319.4,319.4,100,Options,Put,NIFTY,19400.0,0
46,319.4,2023-06-30 10:10:00,NFO,20-JUL-2023,319.4,319.4,319.4,100,Options,Put,NIFTY,19400.0,0
47,319.4,2023-06-30 10:11:00,NFO,20-JUL-2023,319.4,319.4,319.4,100,Options,Put,NIFTY,19400.0,0
48,319.4,2023-06-30 10:12:00,NFO,20-JUL-2023,319.4,319.4,319.4,100,Options,Put,NIFTY,19400.0,0
49,319.4,2023-06-30 10:13:00,NFO,20-JUL-2023,319.4,319.4,319.4,100,Options,Put,NIFTY,19400.0,0
50,319.4,2023-06-30 10:14:00,NFO,20-JUL-2023,319.4,319.4,319.4,100,Options,Put,NIFTY,19400.0,0
51,319.4,2023-06-30 10:15:00,NFO,20-JUL-2023,319.4,319.4,319.4,100,Options,Put,NIFTY,19400.0,0
52,319.4,2023-06-30 10:16:00,NFO,20-JUL-2023,319.4,319.4,319.4,100,Options,Put,NIFTY,19400.0,0
53,319.4,2023-06-30 10:17:00,NFO,20-JUL-2023,319.4,319.4,319.4,100,Options,Put,NIFTY,19400.0,0
54,319.4,2023-06-30 10:18:00,NFO,20-JUL-2023,319.4,319.4,319.4,100,Options,Put,NIFTY,19400.0,0
55,319.4,2023-06-30 10:19:00,NFO,20-JUL-2023,319.4,319.4,319.4,100,Options,Put,NIFTY,19400.0,0
56,319.4,2023-06-30 10:20:00,NFO,20-JUL-2023,319.4,319.4,319.4,100,Options,Put,NIFTY,19400.0,0
57,319.4,2023-06-30 10:21:00,NFO,20-JUL-2023,319.4,319.4,319.4,100,Options,Put,NIFTY,19400.0,0
58,319.4,2023-06-30 10:22:00,NFO,20-JUL-2023,319.4,319.4,319.4,100,Options,Put,NIFTY,19400.0,0
59,320.15,2023-06-30 10:23:00,NFO,20-JUL-2023,320.15,319.4,319.4,200,Options,Put,NIFTY,19400.0,250
60,320.15,2023-06-30 10:24:00,NFO,20-JUL-2023,320.15,320.15,320.15,200,Options,Put,NIFTY,19400.0,0
61,320.15,2023-06-30 10:25:00,NFO,20-JUL-2023,320.15,320.15,320.15,200,Options,Put,NIFTY,19400.0,0
62,320.15,2023-06-30 10:26:00,NFO,20-JUL-2023,320.15,320.15,320.15,200,Options,Put,NIFTY,19400.0,0
63,320.15,2023-06-30 10:27:00,NFO,20-JUL-2023,320.15,320.15,320.15,200,Options,Put,NIFTY,19400.0,0
64,320.15,2023-06-30 10:28:00,NFO,20-JUL-2023,320.15,320.15,320.15,200,Options,Put,NIFTY,19400.0,0
65,320.15,2023-06-30 10:29:00,NFO,20-JUL-2023,320.15,320.15,320.15,200,Options,Put,NIFTY,19400.0,0
66,320.15,2023-06-30 10:30:00,NFO,20-JUL-2023,320.15,320.15,320.15,200,Options,Put,NIFTY,19400.0,0
67,320.15,2023-06-30 10:31:00,NFO,20-JUL-2023,320.15,320.15,320.15,200,Options,Put,NIFTY,19400.0,0
68,320.15,2023-06-30 10:32:00,NFO,20-JUL-2023,320.15,320.15,320.15,200,Options,Put,NIFTY,19400.0,0
69,320.15,2023-06-30 10:33:00,NFO,20-JUL-2023,320.15,320.15,320.15,200,Options,Put,NIFTY,19400.0,0
70,320.15,2023-06-30 10:34:00,NFO,20-JUL-2023,320.15,320.15,320.15,200,Options,Put,NIFTY,19400.0,0
71,320.15,2023-06-30 10:35:00,NFO,20-JUL-2023,320.15,320.15,320.15,200,Options,Put,NIFTY,19400.0,0
72,320.15,2023-06-30 10:36:00,NFO,20-JUL-2023,320.15,320.15,320.15,200,Options,Put,NIFTY,19400.0,0
73,322.45,2023-06-30 10:37:00,NFO,20-JUL-2023,322.45,320.15,320.15,400,Options,Put,NIFTY,19400.0,50
74,322.45,2023-06-30 10:38:00,NFO,20-JUL-2023,322.45,322.45,322.45,400,Options,Put,NIFTY,19400.0,0
75,322.45,2023-06-30 10:39:00,NFO,20-JUL-2023,322.45,322.45,322.45,400,Options,Put,NIFTY,19400.0,0
76,322.45,2023-06-30 10:40:00,NFO,20-JUL-2023,322.45,322.45,322.45,400,Options,Put,NIFTY,19400.0,0
77,322.45,2023-06-30 10:41:00,NFO,20-JUL-2023,322.45,322.45,322.45,400,Options,Put,NIFTY,19400.0,0
78,322.45,2023-06-30 10:42:00,NFO,20-JUL-2023,322.45,322.45,322.45,400,Options,Put,NIFTY,19400.0,0
79,322.45,2023-06-30 10:43:00,NFO,20-JUL-2023,322.45,322.45,322.45,400,Options,Put,NIFTY,19400.0,0
80,322.45,2023-06-30 10:44:00,NFO,20-JUL-2023,322.45,322.45,322.45,400,Options,Put,NIFTY,19400.0,0
81,317.5,2023-06-30 10:45:00,NFO,20-JUL-2023,317.5,317.5,317.5,400,Options,Put,NIFTY,19400.0,50
82,317.5,2023-06-30 10:46:00,NFO,20-JUL-2023,317.5,317.5,317.5,400,Options,Put,NIFTY,19400.0,0
83,315.8,2023-06-30 10:47:00,NFO,20-JUL-2023,317.5,315.75,317.5,400,Options,Put,NIFTY,19400.0,100
84,315.8,2023-06-30 10:48:00,NFO,20-JUL-2023,315.8,315.8,315.8,400,Options,Put,NIFTY,19400.0,0
85,315.8,2023-06-30 10:49:00,NFO,20-JUL-2023,315.8,315.8,315.8,400,Options,Put,NIFTY,19400.0,0
86,315.8,2023-06-30 10:50:00,NFO,20-JUL-2023,315.8,315.8,315.8,400,Options,Put,NIFTY,19400.0,0
87,315.8,2023-06-30 10:51:00,NFO,20-JUL-2023,315.8,315.8,315.8,400,Options,Put,NIFTY,19400.0,0
88,315.8,2023-06-30 10:52:00,NFO,20-JUL-2023,315.8,315.8,315.8,400,Options,Put,NIFTY,19400.0,0
89,315.8,2023-06-30 10:53:00,NFO,20-JUL-2023,315.8,315.8,315.8,400,Options,Put,NIFTY,19400.0,0
90,315.8,2023-06-30 10:54:00,NFO,20-JUL-2023,315.8,315.8,315.8,400,Options,Put,NIFTY,19400.0,0
91,315.8,2023-06-30 10:55:00,NFO,20-JUL-2023,315.8,315.8,315.8,400,Options,Put,NIFTY,19400.0,0
92,315.8,2023-06-30 10:56:00,NFO,20-JUL-2023,315.8,315.8,315.8,400,Options,Put,NIFTY,19400.0,0
93,315.8,2023-06-30 10:57:00,NFO,20-JUL-2023,315.8,315.8,315.8,400,Options,Put,NIFTY,19400.0,0
94,309.3,2023-06-30 10:58:00,NFO,20-JUL-2023,315.8,309.3,315.8,450,Options,Put,NIFTY,19400.0,100
95,309.3,2023-06-30 10:59:00,NFO,20-JUL-2023,309.3,309.3,309.3,450,Options,Put,NIFTY,19400.0,0
96,309.3,2023-06-30 11:00:00,NFO,20-JUL-2023,309.3,309.3,309.3,450,Options,Put,NIFTY,19400.0,0
97,309.3,2023-06-30 11:01:00,NFO,20-JUL-2023,309.3,309.3,309.3,450,Options,Put,NIFTY,19400.0,0
98,309.3,2023-06-30 11:02:00,NFO,20-JUL-2023,309.3,309.3,309.3,450,Options,Put,NIFTY,19400.0,0
99,309.3,2023-06-30 11:03:00,NFO,20-JUL-2023,309.3,309.3,309.3,450,Options,Put,NIFTY,19400.0,0
100,309.3,2023-06-30 11:04:00,NFO,20-JUL-2023,309.3,309.3,309.3,450,Options,Put,NIFTY,19400.0,0
101,309.3,2023-06-30 11:05:00,NFO,20-JUL-2023,309.3,309.3,309.3,450,Options,Put,NIFTY,19400.0,0
102,309.3,2023-06-30 11:06:00,NFO,20-JUL-2023,309.3,309.3,309.3,450,Options,Put,NIFTY,19400.0,0
103,309.3,2023-06-30 11:07:00,NFO,20-JUL-2023,309.3,309.3,309.3,450,Options,Put,NIFTY,19400.0,0
104,309.3,2023-06-30 11:08:00,NFO,20-JUL-2023,309.3,309.3,309.3,450,Options,Put,NIFTY,19400.0,0
105,309.3,2023-06-30 11:09:00,NFO,20-JUL-2023,309.3,309.3,309.3,450,Options,Put,NIFTY,19400.0,0
106,309.3,2023-06-30 11:10:00,NFO,20-JUL-2023,309.3,309.3,309.3,450,Options,Put,NIFTY,19400.0,0
107,309.3,2023-06-30 11:11:00,NFO,20-JUL-2023,309.3,309.3,309.3,450,Options,Put,NIFTY,19400.0,0
108,309.3,2023-06-30 11:12:00,NFO,20-JUL-2023,309.3,309.3,309.3,450,Options,Put,NIFTY,19400.0,0
109,309.3,2023-06-30 11:13:00,NFO,20-JUL-2023,309.3,309.3,309.3,450,Options,Put,NIFTY,19400.0,0
110,309.3,2023-06-30 11:14:00,NFO,20-JUL-2023,309.3,309.3,309.3,450,Options,Put,NIFTY,19400.0,0
111,309.3,2023-06-30 11:15:00,NFO,20-JUL-2023,309.3,309.3,309.3,450,Options,Put,NIFTY,19400.0,0
112,309.3,2023-06-30 11:16:00,NFO,20-JUL-2023,309.3,309.3,309.3,450,Options,Put,NIFTY,19400.0,0
113,309.3,2023-06-30 11:17:00,NFO,20-JUL-2023,309.3,309.3,309.3,450,Options,Put,NIFTY,19400.0,0
114,309.3,2023-06-30 11:18:00,NFO,20-JUL-2023,309.3,309.3,309.3,450,Options,Put,NIFTY,19400.0,0
115,309.3,2023-06-30 11:19:00,NFO,20-JUL-2023,309.3,309.3,309.3,450,Options,Put,NIFTY,19400.0,0
116,309.3,2023-06-30 11:20:00,NFO,20-JUL-2023,309.3,309.3,309.3,450,Options,Put,NIFTY,19400.0,0
117,309.3,2023-06-30 11:21:00,NFO,20-JUL-2023,309.3,309.3,309.3,450,Options,Put,NIFTY,19400.0,0
118,309.3,2023-06-30 11:22:00,NFO,20-JUL-2023,309.3,309.3,309.3,450,Options,Put,NIFTY,19400.0,0
119,309.3,2023-06-30 11:23:00,NFO,20-JUL-2023,309.3,309.3,309.3,450,Options,Put,NIFTY,19400.0,0
120,309.3,2023-06-30 11:24:00,NFO,20-JUL-2023,309.3,309.3,309.3,450,Options,Put,NIFTY,19400.0,0
121,309.3,2023-06-30 11:25:00,NFO,20-JUL-2023,309.3,309.3,309.3,450,Options,Put,NIFTY,19400.0,0
122,309.3,2023-06-30 11:26:00,NFO,20-JUL-2023,309.3,309.3,309.3,450,Options,Put,NIFTY,19400.0,0
123,309.3,2023-06-30 11:27:00,NFO,20-JUL-2023,309.3,309.3,309.3,450,Options,Put,NIFTY,19400.0,0
124,309.3,2023-06-30 11:28:00,NFO,20-JUL-2023,309.3,309.3,309.3,450,Options,Put,NIFTY,19400.0,0
125,309.3,2023-06-30 11:29:00,NFO,20-JUL-2023,309.3,309.3,309.3,450,Options,Put,NIFTY,19400.0,0
126,309.3,2023-06-30 11:30:00,NFO,20-JUL-2023,309.3,309.3,309.3,450,Options,Put,NIFTY,19400.0,0
127,309.3,2023-06-30 11:31:00,NFO,20-JUL-2023,309.3,309.3,309.3,450,Options,Put,NIFTY,19400.0,0
128,309.3,2023-06-30 11:32:00,NFO,20-JUL-2023,309.3,309.3,309.3,450,Options,Put,NIFTY,19400.0,0
129,309.3,2023-06-30 11:33:00,NFO,20-JUL-2023,309.3,309.3,309.3,450,Options,Put,NIFTY,19400.0,0
130,309.3,2023-06-30 11:34:00,NFO,20-JUL-2023,309.3,309.3,309.3,450,Options,Put,NIFTY,19400.0,0
131,309.3,2023-06-30 11:35:00,NFO,20-JUL-2023,309.3,309.3,309.3,450,Options,Put,NIFTY,19400.0,0
132,309.3,2023-06-30 11:36:00,NFO,20-JUL-2023,309.3,309.3,309.3,450,Options,Put,NIFTY,19400.0,0
133,309.3,2023-06-30 11:37:00,NFO,20-JUL-2023,309.3,309.3,309.3,450,Options,Put,NIFTY,19400.0,0
134,309.3,2023-06-30 11:38:00,NFO,20-JUL-2023,309.3,309.3,309.3,450,Options,Put,NIFTY,19400.0,0
135,301.1,2023-06-30 11:39:00,NFO,20-JUL-2023,309.3,300.2,309.3,500,Options,Put,NIFTY,19400.0,100
136,301.1,2023-06-30 11:40:00,NFO,20-JUL-2023,301.1,301.1,301.1,500,Options,Put,NIFTY,19400.0,0
137,301.1,2023-06-30 11:41:00,NFO,20-JUL-2023,301.1,301.1,301.1,500,Options,Put,NIFTY,19400.0,0
138,301.1,2023-06-30 11:42:00,NFO,20-JUL-2023,301.1,301.1,301.1,500,Options,Put,NIFTY,19400.0,0
139,301.1,2023-06-30 11:43:00,NFO,20-JUL-2023,301.1,301.1,301.1,500,Options,Put,NIFTY,19400.0,0
140,301.1,2023-06-30 11:44:00,NFO,20-JUL-2023,301.1,301.1,301.1,500,Options,Put,NIFTY,19400.0,0
141,301.1,2023-06-30 11:45:00,NFO,20-JUL-2023,301.1,301.1,301.1,500,Options,Put,NIFTY,19400.0,0
142,301.1,2023-06-30 11:46:00,NFO,20-JUL-2023,301.1,301.1,301.1,500,Options,Put,NIFTY,19400.0,0
143,301.1,2023-06-30 11:47:00,NFO,20-JUL-2023,301.1,301.1,301.1,500,Options,Put,NIFTY,19400.0,0
144,301.1,2023-06-30 11:48:00,NFO,20-JUL-2023,301.1,301.1,301.1,500,Options,Put,NIFTY,19400.0,0
145,301.1,2023-06-30 11:49:00,NFO,20-JUL-2023,301.1,301.1,301.1,500,Options,Put,NIFTY,19400.0,0
146,301.1,2023-06-30 11:50:00,NFO,20-JUL-2023,301.1,301.1,301.1,500,Options,Put,NIFTY,19400.0,0
147,301.1,2023-06-30 11:51:00,NFO,20-JUL-2023,301.1,301.1,301.1,500,Options,Put,NIFTY,19400.0,0
148,301.1,2023-06-30 11:52:00,NFO,20-JUL-2023,301.1,301.1,301.1,500,Options,Put,NIFTY,19400.0,0
149,301.1,2023-06-30 11:53:00,NFO,20-JUL-2023,301.1,301.1,301.1,500,Options,Put,NIFTY,19400.0,0
150,301.1,2023-06-30 11:54:00,NFO,20-JUL-2023,301.1,301.1,301.1,500,Options,Put,NIFTY,19400.0,0
151,301.1,2023-06-30 11:55:00,NFO,20-JUL-2023,301.1,301.1,301.1,500,Options,Put,NIFTY,19400.0,0
152,301.1,2023-06-30 11:56:00,NFO,20-JUL-2023,301.1,301.1,301.1,500,Options,Put,NIFTY,19400.0,0
153,301.1,2023-06-30 11:57:00,NFO,20-JUL-2023,301.1,301.1,301.1,500,Options,Put,NIFTY,19400.0,0
154,301.1,2023-06-30 11:58:00,NFO,20-JUL-2023,301.1,301.1,301.1,500,Options,Put,NIFTY,19400.0,0
155,301.1,2023-06-30 11:59:00,NFO,20-JUL-2023,301.1,301.1,301.1,500,Options,Put,NIFTY,19400.0,0
156,301.1,2023-06-30 12:00:00,NFO,20-JUL-2023,301.1,301.1,301.1,500,Options,Put,NIFTY,19400.0,0
157,301.1,2023-06-30 12:01:00,NFO,20-JUL-2023,301.1,301.1,301.1,500,Options,Put,NIFTY,19400.0,0
158,301.1,2023-06-30 12:02:00,NFO,20-JUL-2023,301.1,301.1,301.1,500,Options,Put,NIFTY,19400.0,0
159,301.1,2023-06-30 12:03:00,NFO,20-JUL-2023,301.1,301.1,301.1,500,Options,Put,NIFTY,19400.0,0
160,301.1,2023-06-30 12:04:00,NFO,20-JUL-2023,301.1,301.1,301.1,500,Options,Put,NIFTY,19400.0,0
161,301.1,2023-06-30 12:05:00,NFO,20-JUL-2023,301.1,301.1,301.1,500,Options,Put,NIFTY,19400.0,0
162,301.1,2023-06-30 12:06:00,NFO,20-JUL-2023,301.1,301.1,301.1,500,Options,Put,NIFTY,19400.0,0
163,301.1,2023-06-30 12:07:00,NFO,20-JUL-2023,301.1,301.1,301.1,500,Options,Put,NIFTY,19400.0,0
164,301.1,2023-06-30 12:08:00,NFO,20-JUL-2023,301.1,301.1,301.1,500,Options,Put,NIFTY,19400.0,0
165,301.1,2023-06-30 12:09:00,NFO,20-JUL-2023,301.1,301.1,301.1,500,Options,Put,NIFTY,19400.0,0
166,301.1,2023-06-30 12:10:00,NFO,20-JUL-2023,301.1,301.1,301.1,500,Options,Put,NIFTY,19400.0,0
167,301.1,2023-06-30 12:11:00,NFO,20-JUL-2023,301.1,301.1,301.1,500,Options,Put,NIFTY,19400.0,0
168,301.1,2023-06-30 12:12:00,NFO,20-JUL-2023,301.1,301.1,301.1,500,Options,Put,NIFTY,19400.0,0
169,301.1,2023-06-30 12:13:00,NFO,20-JUL-2023,301.1,301.1,301.1,500,Options,Put,NIFTY,19400.0,0
170,301.1,2023-06-30 12:14:00,NFO,20-JUL-2023,301.1,301.1,301.1,500,Options,Put,NIFTY,19400.0,0
171,301.1,2023-06-30 12:15:00,NFO,20-JUL-2023,301.1,301.1,301.1,500,Options,Put,NIFTY,19400.0,0
172,301.1,2023-06-30 12:16:00,NFO,20-JUL-2023,301.1,301.1,301.1,500,Options,Put,NIFTY,19400.0,0
173,301.1,2023-06-30 12:17:00,NFO,20-JUL-2023,301.1,301.1,301.1,500,Options,Put,NIFTY,19400.0,0
174,301.1,2023-06-30 12:18:00,NFO,20-JUL-2023,301.1,301.1,301.1,500,Options,Put,NIFTY,19400.0,0
175,301.1,2023-06-30 12:19:00,NFO,20-JUL-2023,301.1,301.1,301.1,500,Options,Put,NIFTY,19400.0,0
176,301.1,2023-06-30 12:20:00,NFO,20-JUL-2023,301.1,301.1,301.1,500,Options,Put,NIFTY,19400.0,0
177,301.1,2023-06-30 12:21:00,NFO,20-JUL-2023,301.1,301.1,301.1,500,Options,Put,NIFTY,19400.0,0
178,301.1,2023-06-30 12:22:00,NFO,20-JUL-2023,301.1,301.1,301.1,500,Options,Put,NIFTY,19400.0,0
179,301.1,2023-06-30 12:23:00,NFO,20-JUL-2023,301.1,301.1,301.1,500,Options,Put,NIFTY,19400.0,0
180,301.1,2023-06-30 12:24:00,NFO,20-JUL-2023,301.1,301.1,301.1,500,Options,Put,NIFTY,19400.0,0
181,301.1,2023-06-30 12:25:00,NFO,20-JUL-2023,301.1,301.1,301.1,500,Options,Put,NIFTY,19400.0,0
182,301.1,2023-06-30 12:26:00,NFO,20-JUL-2023,301.1,301.1,301.1,500,Options,Put,NIFTY,19400.0,0
183,301.1,2023-06-30 12:27:00,NFO,20-JUL-2023,301.1,301.1,301.1,500,Options,Put,NIFTY,19400.0,0
184,301.1,2023-06-30 12:28:00,NFO,20-JUL-2023,301.1,301.1,301.1,500,Options,Put,NIFTY,19400.0,0
185,301.1,2023-06-30 12:29:00,NFO,20-JUL-2023,301.1,301.1,301.1,500,Options,Put,NIFTY,19400.0,0
186,301.1,2023-06-30 12:30:00,NFO,20-JUL-2023,301.1,301.1,301.1,500,Options,Put,NIFTY,19400.0,0
187,301.1,2023-06-30 12:31:00,NFO,20-JUL-2023,301.1,301.1,301.1,500,Options,Put,NIFTY,19400.0,0
188,301.1,2023-06-30 12:32:00,NFO,20-JUL-2023,301.1,301.1,301.1,500,Options,Put,NIFTY,19400.0,0
189,301.1,2023-06-30 12:33:00,NFO,20-JUL-2023,301.1,301.1,301.1,500,Options,Put,NIFTY,19400.0,0
190,301.1,2023-06-30 12:34:00,NFO,20-JUL-2023,301.1,301.1,301.1,500,Options,Put,NIFTY,19400.0,0
191,301.1,2023-06-30 12:35:00,NFO,20-JUL-2023,301.1,301.1,301.1,500,Options,Put,NIFTY,19400.0,0
192,301.1,2023-06-30 12:36:00,NFO,20-JUL-2023,301.1,301.1,301.1,500,Options,Put,NIFTY,19400.0,0
193,301.1,2023-06-30 12:37:00,NFO,20-JUL-2023,301.1,301.1,301.1,500,Options,Put,NIFTY,19400.0,0
194,292.7,2023-06-30 12:38:00,NFO,20-JUL-2023,301.1,292.7,301.1,500,Options,Put,NIFTY,19400.0,50
195,292.7,2023-06-30 12:39:00,NFO,20-JUL-2023,292.7,292.7,292.7,500,Options,Put,NIFTY,19400.0,0
196,294.35,2023-06-30 12:40:00,NFO,20-JUL-2023,294.35,292.7,292.7,650,Options,Put,NIFTY,19400.0,50
197,294.35,2023-06-30 12:41:00,NFO,20-JUL-2023,294.35,294.35,294.35,650,Options,Put,NIFTY,19400.0,0
198,291.5,2023-06-30 12:42:00,NFO,20-JUL-2023,294.35,291.5,294.35,650,Options,Put,NIFTY,19400.0,50
199,291.5,2023-06-30 12:43:00,NFO,20-JUL-2023,291.5,291.5,291.5,650,Options,Put,NIFTY,19400.0,0
200,291.5,2023-06-30 12:44:00,NFO,20-JUL-2023,291.5,291.5,291.5,650,Options,Put,NIFTY,19400.0,0
201,291.5,2023-06-30 12:45:00,NFO,20-JUL-2023,291.5,291.5,291.5,650,Options,Put,NIFTY,19400.0,0
202,291.5,2023-06-30 12:46:00,NFO,20-JUL-2023,291.5,291.5,291.5,650,Options,Put,NIFTY,19400.0,0
203,291.5,2023-06-30 12:47:00,NFO,20-JUL-2023,291.5,291.5,291.5,650,Options,Put,NIFTY,19400.0,0
204,291.5,2023-06-30 12:48:00,NFO,20-JUL-2023,291.5,291.5,291.5,650,Options,Put,NIFTY,19400.0,0
205,291.5,2023-06-30 12:49:00,NFO,20-JUL-2023,291.5,291.5,291.5,650,Options,Put,NIFTY,19400.0,0
206,291.5,2023-06-30 12:50:00,NFO,20-JUL-2023,291.5,291.5,291.5,650,Options,Put,NIFTY,19400.0,0
207,291.5,2023-06-30 12:51:00,NFO,20-JUL-2023,291.5,291.5,291.5,650,Options,Put,NIFTY,19400.0,0
208,291.5,2023-06-30 12:52:00,NFO,20-JUL-2023,291.5,291.5,291.5,650,Options,Put,NIFTY,19400.0,0
209,291.5,2023-06-30 12:53:00,NFO,20-JUL-2023,291.5,291.5,291.5,650,Options,Put,NIFTY,19400.0,0
210,291.5,2023-06-30 12:54:00,NFO,20-JUL-2023,291.5,291.5,291.5,650,Options,Put,NIFTY,19400.0,0
211,295.55,2023-06-30 12:55:00,NFO,20-JUL-2023,295.55,291.5,291.5,650,Options,Put,NIFTY,19400.0,50
212,295.55,2023-06-30 12:56:00,NFO,20-JUL-2023,295.55,295.55,295.55,650,Options,Put,NIFTY,19400.0,0
213,293.2,2023-06-30 12:57:00,NFO,20-JUL-2023,295.55,293.2,295.55,700,Options,Put,NIFTY,19400.0,50
214,293.2,2023-06-30 12:58:00,NFO,20-JUL-2023,293.2,293.2,293.2,700,Options,Put,NIFTY,19400.0,0
215,293.2,2023-06-30 12:59:00,NFO,20-JUL-2023,293.2,293.2,293.2,700,Options,Put,NIFTY,19400.0,0
216,293.2,2023-06-30 13:00:00,NFO,20-JUL-2023,293.2,293.2,293.2,700,Options,Put,NIFTY,19400.0,0
217,290.75,2023-06-30 13:01:00,NFO,20-JUL-2023,290.75,290.75,290.75,700,Options,Put,NIFTY,19400.0,50
218,290.75,2023-06-30 13:02:00,NFO,20-JUL-2023,290.75,290.75,290.75,700,Options,Put,NIFTY,19400.0,0
219,290.75,2023-06-30 13:03:00,NFO,20-JUL-2023,290.75,290.75,290.75,700,Options,Put,NIFTY,19400.0,0
220,290.75,2023-06-30 13:04:00,NFO,20-JUL-2023,290.75,290.75,290.75,700,Options,Put,NIFTY,19400.0,0
221,290.75,2023-06-30 13:05:00,NFO,20-JUL-2023,290.75,290.75,290.75,700,Options,Put,NIFTY,19400.0,0
222,290.75,2023-06-30 13:06:00,NFO,20-JUL-2023,290.75,290.75,290.75,700,Options,Put,NIFTY,19400.0,0
223,290.75,2023-06-30 13:07:00,NFO,20-JUL-2023,290.75,290.75,290.75,700,Options,Put,NIFTY,19400.0,0
224,290.75,2023-06-30 13:08:00,NFO,20-JUL-2023,290.75,290.75,290.75,700,Options,Put,NIFTY,19400.0,0
225,290.75,2023-06-30 13:09:00,NFO,20-JUL-2023,290.75,290.75,290.75,700,Options,Put,NIFTY,19400.0,0
226,290.75,2023-06-30 13:10:00,NFO,20-JUL-2023,290.75,290.75,290.75,700,Options,Put,NIFTY,19400.0,0
227,290.75,2023-06-30 13:11:00,NFO,20-JUL-2023,290.75,290.75,290.75,700,Options,Put,NIFTY,19400.0,0
228,290.75,2023-06-30 13:12:00,NFO,20-JUL-2023,290.75,290.75,290.75,700,Options,Put,NIFTY,19400.0,0
229,290.75,2023-06-30 13:13:00,NFO,20-JUL-2023,290.75,290.75,290.75,700,Options,Put,NIFTY,19400.0,0
230,290.75,2023-06-30 13:14:00,NFO,20-JUL-2023,290.75,290.75,290.75,700,Options,Put,NIFTY,19400.0,0
231,290.75,2023-06-30 13:15:00,NFO,20-JUL-2023,290.75,290.75,290.75,700,Options,Put,NIFTY,19400.0,0
232,290.75,2023-06-30 13:16:00,NFO,20-JUL-2023,290.75,290.75,290.75,700,Options,Put,NIFTY,19400.0,0
233,290.75,2023-06-30 13:17:00,NFO,20-JUL-2023,290.75,290.75,290.75,700,Options,Put,NIFTY,19400.0,0
234,290.75,2023-06-30 13:18:00,NFO,20-JUL-2023,290.75,290.75,290.75,700,Options,Put,NIFTY,19400.0,0
235,290.75,2023-06-30 13:19:00,NFO,20-JUL-2023,290.75,290.75,290.75,700,Options,Put,NIFTY,19400.0,0
236,290.75,2023-06-30 13:20:00,NFO,20-JUL-2023,290.75,290.75,290.75,700,Options,Put,NIFTY,19400.0,0
237,290.75,2023-06-30 13:21:00,NFO,20-JUL-2023,290.75,290.75,290.75,700,Options,Put,NIFTY,19400.0,0
238,286.65,2023-06-30 13:22:00,NFO,20-JUL-2023,290.75,286.65,290.75,700,Options,Put,NIFTY,19400.0,50
239,285.3,2023-06-30 13:23:00,NFO,20-JUL-2023,286.65,285.3,286.65,700,Options,Put,NIFTY,19400.0,50
240,285.3,2023-06-30 13:24:00,NFO,20-JUL-2023,285.3,285.3,285.3,700,Options,Put,NIFTY,19400.0,0
241,286.1,2023-06-30 13:25:00,NFO,20-JUL-2023,286.1,285.3,285.3,700,Options,Put,NIFTY,19400.0,50
242,286.1,2023-06-30 13:26:00,NFO,20-JUL-2023,286.1,286.1,286.1,700,Options,Put,NIFTY,19400.0,0
243,278.9,2023-06-30 13:27:00,NFO,20-JUL-2023,286.1,278.9,286.1,750,Options,Put,NIFTY,19400.0,100
244,278.9,2023-06-30 13:28:00,NFO,20-JUL-2023,278.9,278.9,278.9,750,Options,Put,NIFTY,19400.0,0
245,278.9,2023-06-30 13:29:00,NFO,20-JUL-2023,278.9,278.9,278.9,750,Options,Put,NIFTY,19400.0,0
246,278.9,2023-06-30 13:30:00,NFO,20-JUL-2023,278.9,278.9,278.9,750,Options,Put,NIFTY,19400.0,0
247,278.9,2023-06-30 13:31:00,NFO,20-JUL-2023,278.9,278.9,278.9,750,Options,Put,NIFTY,19400.0,0
248,278.9,2023-06-30 13:32:00,NFO,20-JUL-2023,278.9,278.9,278.9,750,Options,Put,NIFTY,19400.0,0
249,278.9,2023-06-30 13:33:00,NFO,20-JUL-2023,278.9,278.9,278.9,750,Options,Put,NIFTY,19400.0,0
250,278.9,2023-06-30 13:34:00,NFO,20-JUL-2023,278.9,278.9,278.9,750,Options,Put,NIFTY,19400.0,0
251,278.9,2023-06-30 13:35:00,NFO,20-JUL-2023,278.9,278.9,278.9,750,Options,Put,NIFTY,19400.0,0
252,278.9,2023-06-30 13:36:00,NFO,20-JUL-2023,278.9,278.9,278.9,750,Options,Put,NIFTY,19400.0,0
253,278.9,2023-06-30 13:37:00,NFO,20-JUL-2023,278.9,278.9,278.9,750,Options,Put,NIFTY,19400.0,0
254,278.9,2023-06-30 13:38:00,NFO,20-JUL-2023,278.9,278.9,278.9,750,Options,Put,NIFTY,19400.0,0
255,278.9,2023-06-30 13:39:00,NFO,20-JUL-2023,278.9,278.9,278.9,750,Options,Put,NIFTY,19400.0,0
256,278.9,2023-06-30 13:40:00,NFO,20-JUL-2023,278.9,278.9,278.9,750,Options,Put,NIFTY,19400.0,0
257,284.8,2023-06-30 13:41:00,NFO,20-JUL-2023,284.8,278.9,278.9,850,Options,Put,NIFTY,19400.0,50
258,284.8,2023-06-30 13:42:00,NFO,20-JUL-2023,284.8,284.8,284.8,850,Options,Put,NIFTY,19400.0,0
259,284.8,2023-06-30 13:43:00,NFO,20-JUL-2023,284.8,284.8,284.8,850,Options,Put,NIFTY,19400.0,0
260,284.8,2023-06-30 13:44:00,NFO,20-JUL-2023,284.8,284.8,284.8,850,Options,Put,NIFTY,19400.0,0
261,284.8,2023-06-30 13:45:00,NFO,20-JUL-2023,284.8,284.8,284.8,850,Options,Put,NIFTY,19400.0,0
262,284.8,2023-06-30 13:46:00,NFO,20-JUL-2023,284.8,284.8,284.8,850,Options,Put,NIFTY,19400.0,0
263,284.8,2023-06-30 13:47:00,NFO,20-JUL-2023,284.8,284.8,284.8,850,Options,Put,NIFTY,19400.0,0
264,284.8,2023-06-30 13:48:00,NFO,20-JUL-2023,284.8,284.8,284.8,850,Options,Put,NIFTY,19400.0,0
265,284.8,2023-06-30 13:49:00,NFO,20-JUL-2023,284.8,284.8,284.8,850,Options,Put,NIFTY,19400.0,0
266,284.8,2023-06-30 13:50:00,NFO,20-JUL-2023,284.8,284.8,284.8,850,Options,Put,NIFTY,19400.0,0
267,284.8,2023-06-30 13:51:00,NFO,20-JUL-2023,284.8,284.8,284.8,850,Options,Put,NIFTY,19400.0,0
268,284.8,2023-06-30 13:52:00,NFO,20-JUL-2023,284.8,284.8,284.8,850,Options,Put,NIFTY,19400.0,0
269,284.8,2023-06-30 13:53:00,NFO,20-JUL-2023,284.8,284.8,284.8,850,Options,Put,NIFTY,19400.0,0
270,284.8,2023-06-30 13:54:00,NFO,20-JUL-2023,284.8,284.8,284.8,850,Options,Put,NIFTY,19400.0,0
271,284.8,2023-06-30 13:55:00,NFO,20-JUL-2023,284.8,284.8,284.8,850,Options,Put,NIFTY,19400.0,0
272,282.75,2023-06-30 13:56:00,NFO,20-JUL-2023,284.8,282.75,284.8,850,Options,Put,NIFTY,19400.0,50
273,282.75,2023-06-30 13:57:00,NFO,20-JUL-2023,282.75,282.75,282.75,850,Options,Put,NIFTY,19400.0,0
274,282.75,2023-06-30 13:58:00,NFO,20-JUL-2023,282.75,282.75,282.75,850,Options,Put,NIFTY,19400.0,0
275,282.75,2023-06-30 13:59:00,NFO,20-JUL-2023,282.75,282.75,282.75,850,Options,Put,NIFTY,19400.0,0
276,282.75,2023-06-30 14:00:00,NFO,20-JUL-2023,282.75,282.75,282.75,850,Options,Put,NIFTY,19400.0,0
277,282.75,2023-06-30 14:01:00,NFO,20-JUL-2023,282.75,282.75,282.75,850,Options,Put,NIFTY,19400.0,0
278,282.75,2023-06-30 14:02:00,NFO,20-JUL-2023,282.75,282.75,282.75,850,Options,Put,NIFTY,19400.0,0
279,282.75,2023-06-30 14:03:00,NFO,20-JUL-2023,282.75,282.75,282.75,850,Options,Put,NIFTY,19400.0,0
280,282.75,2023-06-30 14:04:00,NFO,20-JUL-2023,282.75,282.75,282.75,850,Options,Put,NIFTY,19400.0,0
281,284.95,2023-06-30 14:05:00,NFO,20-JUL-2023,284.95,282.75,282.75,950,Options,Put,NIFTY,19400.0,50
282,284.95,2023-06-30 14:06:00,NFO,20-JUL-2023,284.95,284.95,284.95,950,Options,Put,NIFTY,19400.0,0
283,284.95,2023-06-30 14:07:00,NFO,20-JUL-2023,284.95,284.95,284.95,950,Options,Put,NIFTY,19400.0,0
284,284.95,2023-06-30 14:08:00,NFO,20-JUL-2023,284.95,284.95,284.95,950,Options,Put,NIFTY,19400.0,0
285,289.8,2023-06-30 14:09:00,NFO,20-JUL-2023,289.8,284.95,284.95,950,Options,Put,NIFTY,19400.0,50
286,289.8,2023-06-30 14:10:00,NFO,20-JUL-2023,289.8,289.8,289.8,950,Options,Put,NIFTY,19400.0,0
287,289.8,2023-06-30 14:11:00,NFO,20-JUL-2023,289.8,289.8,289.8,950,Options,Put,NIFTY,19400.0,0
288,289.8,2023-06-30 14:12:00,NFO,20-JUL-2023,289.8,289.8,289.8,950,Options,Put,NIFTY,19400.0,0
289,289.8,2023-06-30 14:13:00,NFO,20-JUL-2023,289.8,289.8,289.8,950,Options,Put,NIFTY,19400.0,0
290,289.8,2023-06-30 14:14:00,NFO,20-JUL-2023,289.8,289.8,289.8,950,Options,Put,NIFTY,19400.0,0
291,289.8,2023-06-30 14:15:00,NFO,20-JUL-2023,289.8,289.8,289.8,950,Options,Put,NIFTY,19400.0,0
292,289.8,2023-06-30 14:16:00,NFO,20-JUL-2023,289.8,289.8,289.8,950,Options,Put,NIFTY,19400.0,0
293,289.8,2023-06-30 14:17:00,NFO,20-JUL-2023,289.8,289.8,289.8,950,Options,Put,NIFTY,19400.0,0
294,289.8,2023-06-30 14:18:00,NFO,20-JUL-2023,289.8,289.8,289.8,950,Options,Put,NIFTY,19400.0,0
295,289.8,2023-06-30 14:19:00,NFO,20-JUL-2023,289.8,289.8,289.8,950,Options,Put,NIFTY,19400.0,0
296,289.8,2023-06-30 14:20:00,NFO,20-JUL-2023,289.8,289.8,289.8,950,Options,Put,NIFTY,19400.0,0
297,289.8,2023-06-30 14:21:00,NFO,20-JUL-2023,289.8,289.8,289.8,950,Options,Put,NIFTY,19400.0,0
298,289.8,2023-06-30 14:22:00,NFO,20-JUL-2023,289.8,289.8,289.8,950,Options,Put,NIFTY,19400.0,0
299,289.8,2023-06-30 14:23:00,NFO,20-JUL-2023,289.8,289.8,289.8,950,Options,Put,NIFTY,19400.0,0
300,283.15,2023-06-30 14:24:00,NFO,20-JUL-2023,289.8,283.15,289.8,950,Options,Put,NIFTY,19400.0,50
301,283.15,2023-06-30 14:25:00,NFO,20-JUL-2023,283.15,283.15,283.15,950,Options,Put,NIFTY,19400.0,0
302,283.15,2023-06-30 14:26:00,NFO,20-JUL-2023,283.15,283.15,283.15,950,Options,Put,NIFTY,19400.0,0
303,283.15,2023-06-30 14:27:00,NFO,20-JUL-2023,283.15,283.15,283.15,950,Options,Put,NIFTY,19400.0,0
304,283.15,2023-06-30 14:28:00,NFO,20-JUL-2023,283.15,283.15,283.15,950,Options,Put,NIFTY,19400.0,0
305,283.15,2023-06-30 14:29:00,NFO,20-JUL-2023,283.15,283.15,283.15,950,Options,Put,NIFTY,19400.0,0
306,283.15,2023-06-30 14:30:00,NFO,20-JUL-2023,283.15,283.15,283.15,950,Options,Put,NIFTY,19400.0,0
307,283.15,2023-06-30 14:31:00,NFO,20-JUL-2023,283.15,283.15,283.15,950,Options,Put,NIFTY,19400.0,0
308,283.15,2023-06-30 14:32:00,NFO,20-JUL-2023,283.15,283.15,283.15,950,Options,Put,NIFTY,19400.0,0
309,283.15,2023-06-30 14:33:00,NFO,20-JUL-2023,283.15,283.15,283.15,950,Options,Put,NIFTY,19400.0,0
310,283.15,2023-06-30 14:34:00,NFO,20-JUL-2023,283.15,283.15,283.15,950,Options,Put,NIFTY,19400.0,0
311,283.15,2023-06-30 14:35:00,NFO,20-JUL-2023,283.15,283.15,283.15,950,Options,Put,NIFTY,19400.0,0
312,283.15,2023-06-30 14:36:00,NFO,20-JUL-2023,283.15,283.15,283.15,950,Options,Put,NIFTY,19400.0,0
313,283.15,2023-06-30 14:37:00,NFO,20-JUL-2023,283.15,283.15,283.15,950,Options,Put,NIFTY,19400.0,0
314,283.15,2023-06-30 14:38:00,NFO,20-JUL-2023,283.15,283.15,283.15,950,Options,Put,NIFTY,19400.0,0
315,283.15,2023-06-30 14:39:00,NFO,20-JUL-2023,283.15,283.15,283.15,950,Options,Put,NIFTY,19400.0,0
316,283.15,2023-06-30 14:40:00,NFO,20-JUL-2023,283.15,283.15,283.15,950,Options,Put,NIFTY,19400.0,0
317,283.15,2023-06-30 14:41:00,NFO,20-JUL-2023,283.15,283.15,283.15,950,Options,Put,NIFTY,19400.0,0
318,283.15,2023-06-30 14:42:00,NFO,20-JUL-2023,283.15,283.15,283.15,950,Options,Put,NIFTY,19400.0,0
319,283.15,2023-06-30 14:43:00,NFO,20-JUL-2023,283.15,283.15,283.15,950,Options,Put,NIFTY,19400.0,0
320,283.15,2023-06-30 14:44:00,NFO,20-JUL-2023,283.15,283.15,283.15,950,Options,Put,NIFTY,19400.0,0
321,283.15,2023-06-30 14:45:00,NFO,20-JUL-2023,283.15,283.15,283.15,950,Options,Put,NIFTY,19400.0,0
322,283.15,2023-06-30 14:46:00,NFO,20-JUL-2023,283.15,283.15,283.15,950,Options,Put,NIFTY,19400.0,0
323,283.15,2023-06-30 14:47:00,NFO,20-JUL-2023,283.15,283.15,283.15,950,Options,Put,NIFTY,19400.0,0
324,278.4,2023-06-30 14:48:00,NFO,20-JUL-2023,283.15,278.4,283.15,1000,Options,Put,NIFTY,19400.0,50
325,278.4,2023-06-30 14:49:00,NFO,20-JUL-2023,278.4,278.4,278.4,1000,Options,Put,NIFTY,19400.0,0
326,278.4,2023-06-30 14:50:00,NFO,20-JUL-2023,278.4,278.4,278.4,1000,Options,Put,NIFTY,19400.0,0
327,278.4,2023-06-30 14:51:00,NFO,20-JUL-2023,278.4,278.4,278.4,1000,Options,Put,NIFTY,19400.0,0
328,278.4,2023-06-30 14:52:00,NFO,20-JUL-2023,278.4,278.4,278.4,1000,Options,Put,NIFTY,19400.0,0
329,278.4,2023-06-30 14:53:00,NFO,20-JUL-2023,278.4,278.4,278.4,1000,Options,Put,NIFTY,19400.0,0
330,278.4,2023-06-30 14:54:00,NFO,20-JUL-2023,278.4,278.4,278.4,1000,Options,Put,NIFTY,19400.0,0
331,278.4,2023-06-30 14:55:00,NFO,20-JUL-2023,278.4,278.4,278.4,1000,Options,Put,NIFTY,19400.0,0
332,278.4,2023-06-30 14:56:00,NFO,20-JUL-2023,278.4,278.4,278.4,1000,Options,Put,NIFTY,19400.0,0
333,275.1,2023-06-30 14:57:00,NFO,20-JUL-2023,275.1,275.1,275.1,1000,Options,Put,NIFTY,19400.0,50
334,275.1,2023-06-30 14:58:00,NFO,20-JUL-2023,275.1,275.1,275.1,1000,Options,Put,NIFTY,19400.0,0
335,275.1,2023-06-30 14:59:00,NFO,20-JUL-2023,275.1,275.1,275.1,1000,Options,Put,NIFTY,19400.0,0
336,275.1,2023-06-30 15:00:00,NFO,20-JUL-2023,275.1,275.1,275.1,1000,Options,Put,NIFTY,19400.0,0
337,275.1,2023-06-30 15:01:00,NFO,20-JUL-2023,275.1,275.1,275.1,1000,Options,Put,NIFTY,19400.0,0
338,275.1,2023-06-30 15:02:00,NFO,20-JUL-2023,275.1,275.1,275.1,1000,Options,Put,NIFTY,19400.0,0
339,275.1,2023-06-30 15:03:00,NFO,20-JUL-2023,275.1,275.1,275.1,1000,Options,Put,NIFTY,19400.0,0
340,275.1,2023-06-30 15:04:00,NFO,20-JUL-2023,275.1,275.1,275.1,1000,Options,Put,NIFTY,19400.0,0
341,275.1,2023-06-30 15:05:00,NFO,20-JUL-2023,275.1,275.1,275.1,1000,Options,Put,NIFTY,19400.0,0
342,275.1,2023-06-30 15:06:00,NFO,20-JUL-2023,275.1,275.1,275.1,1000,Options,Put,NIFTY,19400.0,0
343,275.1,2023-06-30 15:07:00,NFO,20-JUL-2023,275.1,275.1,275.1,1000,Options,Put,NIFTY,19400.0,0
344,275.1,2023-06-30 15:08:00,NFO,20-JUL-2023,275.1,275.1,275.1,1000,Options,Put,NIFTY,19400.0,0
345,275.1,2023-06-30 15:09:00,NFO,20-JUL-2023,275.1,275.1,275.1,1000,Options,Put,NIFTY,19400.0,0
346,275.1,2023-06-30 15:10:00,NFO,20-JUL-2023,275.1,275.1,275.1,1000,Options,Put,NIFTY,19400.0,0
347,275.1,2023-06-30 15:11:00,NFO,20-JUL-2023,275.1,275.1,275.1,1000,Options,Put,NIFTY,19400.0,0
348,275.1,2023-06-30 15:12:00,NFO,20-JUL-2023,275.1,275.1,275.1,1000,Options,Put,NIFTY,19400.0,0
349,275.1,2023-06-30 15:13:00,NFO,20-JUL-2023,275.1,275.1,275.1,1000,Options,Put,NIFTY,19400.0,0
350,275.1,2023-06-30 15:14:00,NFO,20-JUL-2023,275.1,275.1,275.1,1000,Options,Put,NIFTY,19400.0,0
351,275.1,2023-06-30 15:15:00,NFO,20-JUL-2023,275.1,275.1,275.1,1000,Options,Put,NIFTY,19400.0,0
352,275.1,2023-06-30 15:16:00,NFO,20-JUL-2023,275.1,275.1,275.1,1000,Options,Put,NIFTY,19400.0,0
353,275.1,2023-06-30 15:17:00,NFO,20-JUL-2023,275.1,275.1,275.1,1000,Options,Put,NIFTY,19400.0,0
354,275.1,2023-06-30 15:18:00,NFO,20-JUL-2023,275.1,275.1,275.1,1000,Options,Put,NIFTY,19400.0,0
355,275.1,2023-06-30 15:19:00,NFO,20-JUL-2023,275.1,275.1,275.1,1000,Options,Put,NIFTY,19400.0,0
356,275.1,2023-06-30 15:20:00,NFO,20-JUL-2023,275.1,275.1,275.1,1000,Options,Put,NIFTY,19400.0,0
357,275.1,2023-06-30 15:21:00,NFO,20-JUL-2023,275.1,275.1,275.1,1000,Options,Put,NIFTY,19400.0,0
358,275.1,2023-06-30 15:22:00,NFO,20-JUL-2023,275.1,275.1,275.1,1000,Options,Put,NIFTY,19400.0,0
359,275.1,2023-06-30 15:23:00,NFO,20-JUL-2023,275.1,275.1,275.1,1000,Options,Put,NIFTY,19400.0,0
360,267.5,2023-06-30 15:24:00,NFO,20-JUL-2023,275.1,267.5,275.1,1000,Options,Put,NIFTY,19400.0,50
361,267.5,2023-06-30 15:25:00,NFO,20-JUL-2023,267.5,267.5,267.5,1000,Options,Put,NIFTY,19400.0,0
362,267.5,2023-06-30 15:26:00,NFO,20-JUL-2023,267.5,267.5,267.5,1000,Options,Put,NIFTY,19400.0,0
363,267.5,2023-06-30 15:27:00,NFO,20-JUL-2023,267.5,267.5,267.5,1000,Options,Put,NIFTY,19400.0,0
364,267.5,2023-06-30 15:28:00,NFO,20-JUL-2023,267.5,267.5,267.5,1000,Options,Put,NIFTY,19400.0,0
365,267.5,2023-06-30 15:29:00,NFO,20-JUL-2023,267.5,267.5,267.5,1000,Options,Put,NIFTY,19400.0,0
